id	source_path	target_path	category	action	tracked	packaged	external_dependency	verification	status	notes
GOV-001	AGENTS.md; docs/CURRENT_ARCHITECTURE.md; docs/SYLLABLE_ENCODING_RULES.md	AGENTS.md; docs/lexicon/	governance	migrate-and-reconcile	yes	no	no	document review + forbidden-second-source checks	planned	Preserve instance-driven encoding and no-handwritten-code rules.
GOV-002	docs/LAYOUT_CHANGE_LOCK.md	docs/lexicon/LAYOUT_CHANGE_LOCK.md	governance	migrate	yes	no	no	layout lock test	planned	Layout changes may touch only the unique layout source.
SRC-001	internal_data/pinyin_source_db/	tools/lexicon/data/pinyin_source_db/	reviewed-source	migrate	yes	no	no	source bundle hash + review-decision tests	planned	Keep reviewed decisions and provenance; exclude generated queues.
SRC-002	yime/lexicon_bundle/	tools/lexicon/data/source_bundle/	canonical-source	migrate	yes	no	no	bundle manifest and entry hash parity	planned	Canonical text/readings/source evidence.
SRC-003	external_data/	external artifact store + tools/lexicon/input-lock.json	raw-large-source	externalize	mixed	no	yes	SHA-256, size, license and retrieval check	planned	Do not copy large corpora into Git.
SRC-004	manual reviewed TSV/JSON decisions under internal_data/ and yime/reports/	tools/lexicon/data/reviewed/	reviewed-source	classify-and-migrate	mixed	no	maybe	decision count and provenance parity	planned	Migrate only authoritative decisions, not generated report copies.
ENC-001	syllable/	tools/lexicon/yime_lexicon/syllable/	formal-encoding	migrate	yes	no	no	full unit suite + decomposition export parity	planned	Formal SyllableEncodingPipeline/YinjieEncoder chain.
ENC-002	internal_data/syllable_encoding_rule_catalog.json	tools/lexicon/data/syllable_encoding_rule_catalog.json	formal-rule	migrate	yes	no	no	rule catalog schema and no-ID/no-key checks	planned	Must explain sources and transforms only.
ENC-003	yime/utils/code_modes.py; syllable/codec/variable_length_yinyuan/; syllable/codec/input_shorthand/	go-backend/input_methods/yime/codemode/ + parity fixtures	mode-derivation	reconcile	yes	no	no	Python/Go exhaustive parity test	planned	Go codemode remains Windows derivation authority after parity proof.
ENC-004	syllable/codec/yinjie_jianpin_draft.py	docs/archive/prototype/	legacy-draft	archive	yes	no	no	must not be imported by production tests	planned	Never promote draft compatibility code to formal shorthand source.
LAY-001	internal_data/manual_key_layout.json	go-backend/input_methods/yime/data/manual_key_layout.json	layout-source	migrate-or-alias	yes	yes	no	full SHA-256 and layout lock parity	planned	Establish one physical canonical file or generated verified copy.
LAY-002	internal_data key maps and layout metadata	tools/lexicon/data/layout/	layout-support	classify-and-migrate	mixed	maybe	layout projection and manifest parity	planned	Reject any second manually maintained key map.
LEX-001	tools/build_pinyin_source_bundle.py	tools/lexicon/build_source_bundle.py	builder	migrate	yes	no	yes	isolated deterministic rebuild	planned	Inputs must be explicit and locked.
LEX-002	yime/input_model/	tools/lexicon/yime_lexicon/input_model/	model	migrate	yes	no	no	model manifest/hash parity	planned	Offline only.
LEX-003	tools/build_input_model.py; tools/build_recursive_composition.py	tools/lexicon/	builder	migrate	yes	no	yes	unit + golden manifest parity	planned	Preserve source and review provenance.
LEX-004	tools/analyze_static_lexicon_capacity.py	tools/lexicon/analyze_static_capacity.py	analysis	migrate	yes	no	yes	capacity counts/hash parity	planned	Generated capacity outputs remain ignored.
LEX-005	tools/build_two_level_runtime_trial.py	tools/lexicon/build_core_selection.py	builder	migrate-and-fix	yes	no	yes	two clean rebuilds reproduce 1,167,501 and target hashes	blocked	Remove implicit mutable yime/pinyin_hanzi.db default and restore every approved sound-change input before migration acceptance.
LEX-006	ranking and dynamic coverage modules/tools	tools/lexicon/yime_lexicon/ranking/; tools/lexicon/yime_lexicon/coverage/	policy	classify-and-migrate	mixed	no	yes	ranking fixture + coverage gate parity	planned	Keep policy and reviewed evidence, not bulky reports.
LEX-007	yime/pinyin_hanzi.db	external artifact store	runtime-database	externalize	no	no	yes	immutable input manifest + restore test	blocked	Current mutable default contributes to unreproducible release identity.
LEX-008	yime/backup/*.bak	external archive	database-backup	archive-then-delete	no	no	yes	SHA-256 inventory + restore sampling	deferred	Approximately 98 GiB; deletion requires separate authorization after exit gates.
HAND-001	.generated/two_level_runtime_trial/two_level_full.dict.yaml	go-backend/input_methods/yime/data/yime_core_fixed.dict.yaml	handoff	preserve-and-reproduce	yes	yes	yes	1,167,501 entries, source hash, selection hash and manifest chain	blocked	Current 1,167,501 handoff is the target product identity; do not overwrite it with the incomplete 1,166,753 rebuild.
HAND-002	.generated/two_level_runtime_trial/*.manifest.json	go-backend/input_methods/yime/data/yime_core_source_manifest.json; yime_lexicon_manifest.json	manifest	regenerate	yes	yes	yes	manifest schema + same-run provenance	blocked	All identities must originate from one clean run.
HAND-003	tools/verify_default_runtime_handoff.py	tools/lexicon/verify_handoff.py	gate	migrate	yes	no	no	cross-repo then in-repo parity test	planned	Replace cross-repo path only after in-repo handoff exists.
HAND-004	tools/prepare_prototype_windows_parity.py	tools/lexicon/prepare_evaluation_runtime.py	evaluation-adapter	migrate	yes	no	no	compact DB and manifest parity	planned	Temporary bridge becomes same-repo evaluation runtime builder.
WIN-001	C:/dev/Yime/tools/import-yime-core-lexicon.ps1	tools/import-yime-core-lexicon.ps1	windows-import	modify	yes	no	no	build guards + source manifest tests	planned	Change input path from prototype to Yime in-repo handoff.
WIN-002	C:/dev/Yime/go-backend/input_methods/yime/codemode/	same	windows-runtime	keep	yes	yes	no	Go tests + exhaustive mode parity	planned	No Python runtime replacement.
WIN-003	C:/dev/Yime/go-backend/input_methods/yime/data/yime_*.dict.yaml	same	derived-runtime	regenerate	yes	yes	no	real Rime and package-content gates	blocked	Derived only from approved single handoff.
WIN-004	C:/dev/Yime/go-backend/input_methods/yime/data/*manifest*.json	same	runtime-manifest	regenerate	yes	yes	no	manifest/layout/readme package gate	blocked	Update atomically with approved dictionaries.
WIN-005	C:/dev/Yime/go-backend/input_methods/yime/connectedspeech/; docs/project/connected_speech/; yime_*tone* and yime_erhua* data	same	sound-change-chain	preserve-and-integrate	yes	yes	no	neutral tone, yi/bu, third-tone, erhua and other approved sound-change gates	planned	These reviewed additions contribute to the 1,167,501 target identity or its runtime overlays and must remain traceable through manifests.
TEST-001	tests/syllable/; tests/yime/ formal pipeline tests	tools/lexicon/tests/	test	migrate	yes	no	no	pytest parity and mutation guards	planned	Keep exact formal and failure-path coverage.
TEST-002	tests/input_method/ GUI/hook tests	docs/archive/prototype-test-map.md	legacy-runtime-test	archive-summary	yes	no	no	coverage disposition review	planned	Do not migrate pywin32/pynput/Tk behavior unless a reusable non-GUI utility exists.
TEST-003	prototype release acceptance scripts	tools/lexicon/run-release-acceptance.ps1; tools/lexicon/	gate	migrate-and-split	yes	no	yes	clean clone acceptance	planned	Separate offline generation from Windows package acceptance.
EXP-001	efficiency, keystroke and candidate-window analysis tools	tools/evaluation/	evaluation	classify-and-migrate	mixed	no	maybe	golden corpus result parity	planned	Must read approved lexicon/layout manifest.
EXP-002	layout experiment and comparison tools	tools/evaluation/layout/	evaluation	classify-and-migrate	mixed	no	maybe	layout digest + non-writeback test	planned	Experiments output patches/reports only.
EXP-003	yime/input_method/ Python IME GUI and keyboard hook	archive tag only	prototype-runtime	retire	yes	no	no	feature disposition review	planned	Do not migrate runtime shell; retain only reusable pure logic already covered elsewhere.
EXP-004	internal_data/prototype_runtime_profile.json	tools/evaluation/runtime_profile.json	evaluation-config	migrate-then-simplify	yes	no	no	manifest resolution test	planned	Remove cross-repo compatibility fields after cutover.
DOC-001	docs architecture, encoding, source and handoff documents	docs/lexicon/; docs/project/	documentation	migrate-and-rewrite	yes	no	no	link/path scan and maintainer review	planned	Remove C:\\dev\\Yime-python-prototype references at cutover.
ENV-001	venv312; requirements/setup files	tools/lexicon/pyproject.toml + lock file	python-environment	rebuild	mixed	no	yes	latest-stable Python CI on Windows	planned	No pywin32/pynput/PyInstaller runtime dependencies.
ENV-002	dist/; build/; *.spec; portable release scripts	none	prototype-package	delete-after-exit	no	no	no	archive tag + recovery check	deferred	Approximately 38 GiB dist; not part of Windows Yime release.
ENV-003	.generated/	ignored build/cache directories	generated-cache	delete-after-exit	no	no	yes	reproducible regeneration test	deferred	Approximately 47 GiB; preserve current failed-run evidence until Phase 0 review completes.
ENV-004	yime/reports/	external archive + small tracked regression fixtures	report	classify-and-archive	mixed	no	maybe	report index + fixture provenance	planned	Keep only decisions and minimal regression samples in Git.
ENV-005	one-off scripts and obsolete tools	docs/archive/prototype-tool-disposition.tsv	legacy-tool	inventory-and-retire	mixed	no	maybe	no production imports + owner review	planned	Every tool receives migrate/archive/delete decision before repository freeze.
RET-001	Yime-python-prototype repository	remote read-only tag	retirement	freeze	yes	no	yes	fresh clone recovery + two release cycles	deferred	Do not delete or archive before all exit criteria pass.
