record_id	text	source_kind	compatibility_numeric_pinyin	feature_rule_id	attached_syllable_source	source_yinyuan_ids	derived_yinyuan_ids	key_projection	full_code	variable_code	shorthand_code
ERHUA-023226CBCEE8D87C	纳闷儿	psc_erhua	na4 men4 er5	ERHUA-YINYUAN-CENTRAL-ALL	men4	N04 M16 M17 M30	N04 M22 M23 M24	N04→-；M22+rhotic=true+nasalized=false→M22→ERHUA-KEY-HIGH(U)；M23+rhotic=true+nasalized=false→M23→ERHUA-KEY-MID(I)；M24+rhotic=true+nasalized=false→M24→ERHUA-KEY-LOW(O)	nfds-UIO	nfds-UIO	nfs-UO
ERHUA-025C446AF1160120	光棍儿	psc_erhua	guang1 gun4 er5	ERHUA-YINYUAN-U-CENTRAL	gun4	N09 M04 M17 M30	N09 M04 M23 M24	N09→g；M04→u；M23+rhotic=true+nasalized=false→M23→ERHUA-KEY-MID(I)；M24+rhotic=true+nasalized=false→M24→ERHUA-KEY-LOW(O)	guf;guIO	guf;guIO	guf;guIO
ERHUA-03464A312D3D9CBE	脚印儿	psc_erhua	jiao3 yin4 er5	ERHUA-YINYUAN-I-CENTRAL	yin4	N23 M01 M17 M30	N23 M01 M23 M24	N23→y；M01→j；M23+rhotic=true+nasalized=false→M23→ERHUA-KEY-MID(I)；M24+rhotic=true+nasalized=false→M24→ERHUA-KEY-LOW(O)	3lsoyjIO	3lsoyjIO	3lsoyjIO
ERHUA-03B3A9CF1B728870	手套儿	psc_erhua	shou3 tao4 er5	ERHUA-YINYUAN-IAO	tao4	N06 M10 M11 M06	N06 M10 R11 R18	N06→t；M10→f；M11+rhotic=true+nasalized=false→R11→ERHUA-KEY-A-RHOTIC-MID(D)；M06+rhotic=true+nasalized=false→R18→ERHUA-KEY-U-RHOTIC-LOW(Z)	9wwotfDZ	9wotfDZ	9wotfDZ
ERHUA-04BFA3429829BE25	梨核儿	psc_erhua	li2 hu2 er5	ERHUA-YINYUAN-U-RHOTIC	hu2	N11 M06 M05 M04	N11 M06 R17 R16	N11→h；M06→o；M05+rhotic=true+nasalized=false→R17→ERHUA-KEY-U-RHOTIC-MID(A)；M04+rhotic=true+nasalized=false→R16→ERHUA-KEY-U-RHOTIC-HIGH(P)	\lkjhoAP	\lkjhoAP	\ljhoAP
ERHUA-080D5918ACEAE9C0	一阵儿	psc_erhua	yi1 zhen4 er5	ERHUA-YINYUAN-CENTRAL-ALL	zhen4	N16 M16 M17 M30	N16 M22 M23 M24	N16→7；M22+rhotic=true+nasalized=false→M22→ERHUA-KEY-HIGH(U)；M23+rhotic=true+nasalized=false→M23→ERHUA-KEY-MID(I)；M24+rhotic=true+nasalized=false→M24→ERHUA-KEY-LOW(O)	yjjj7UIO	yj7UIO	yj7UO
ERHUA-0A839628F8BB6947	扇面儿	psc_erhua	shan4 mian4 er5	ERHUA-YINYUAN-MEDIAL-A-RHOTIC	mian4	N04 M01 M11 M30	N04 M01 R11 R12	N04→-；M01→j；M11+rhotic=true+nasalized=false→R11→ERHUA-KEY-A-RHOTIC-MID(D)；M12+rhotic=true+nasalized=false→R12→ERHUA-KEY-A-RHOTIC-LOW(S)	9fdz-jDS	9fdz-jDS	9fdz-jDS
ERHUA-0C1E4D97D2932BB2	灯泡儿	psc_erhua	deng1 pao4 er5	ERHUA-YINYUAN-IAO	pao4	N02 M10 M11 M06	N02 M10 R11 R18	N02→p；M10→f；M11+rhotic=true+nasalized=false→R11→ERHUA-KEY-A-RHOTIC-MID(D)；M06+rhotic=true+nasalized=false→R18→ERHUA-KEY-U-RHOTIC-LOW(Z)	]rr;pfDZ	]r;pfDZ	]r;pfDZ
ERHUA-0E0678A9B50F9CDD	花样儿	psc_erhua	hua1 yang4 er5	ERHUA-YINYUAN-NASAL-A	yang4	N23 M01 M11 M33	N23 M01 R05 R06	N23→y；M01→j；M11+rhotic=true+nasalized=true→R05→ERHUA-KEY-NASAL-A-RHOTIC-MID(T)；M12+rhotic=true+nasalized=true→R06→ERHUA-KEY-NASAL-A-RHOTIC-LOW(Q)	huffyjTQ	hufyjTQ	hufyjTQ
ERHUA-0E2D073321A1BF4F	小曲儿	psc_erhua	xiao3 qu3 er5	ERHUA-YINYUAN-UMLAUT-CENTRAL	qu3	N21 M09 M09 M09	N21 M09 M24 M24	N21→2；M09→.；M24+rhotic=true+nasalized=false→M24→ERHUA-KEY-LOW(O)；M24+rhotic=true+nasalized=false→M24→ERHUA-KEY-LOW(O)	1lso2.OO	1lso2.O	1lso2.O
ERHUA-0ECEC09D04E0BA8E	衣兜儿	psc_erhua	yi1 dou1 er5	ERHUA-YINYUAN-IOU	dou1	N05 M13 M13 M04	N05 M13 R13 R16	N05→]；M13→r；M13+rhotic=true+nasalized=false→R13→ERHUA-KEY-BACK-MID-RHOTIC-HIGH(R)；M04+rhotic=true+nasalized=false→R16→ERHUA-KEY-U-RHOTIC-HIGH(P)	yjjj]rRP	yj]rRP	yj]rRP
ERHUA-117C4C6250769D4E	栅栏儿	psc_erhua	zha4 lan5 er5	ERHUA-YINYUAN-A-RHOTIC	lan5	N07 M11 M11 M29	N07 M11 R11 R11	N07→\；M11→d；M11+rhotic=true+nasalized=false→R11→ERHUA-KEY-A-RHOTIC-MID(D)；M11+rhotic=true+nasalized=false→R11→ERHUA-KEY-A-RHOTIC-MID(D)	7fds\dDD	7fds\dD	7fs\dD
ERHUA-1450A5233F0FC776	耳垂儿	psc_erhua	er3 chui2 er5	ERHUA-YINYUAN-U-CENTRAL	chui2	N17 M06 M17 M01	N17 M06 M23 M22	N17→8；M06→o；M23+rhotic=true+nasalized=false→M23→ERHUA-KEY-MID(I)；M22+rhotic=true+nasalized=false→M22→ERHUA-KEY-HIGH(U)	'OOO8oIU	'O8oIU	'O8oIU
ERHUA-1641A7EB7FB0B2E9	瓜瓤儿	psc_erhua	gua1 rang2 er5	ERHUA-YINYUAN-NASAL-A	rang2	N19 M12 M11 M31	N19 M12 R05 R04	N19→0；M12→s；M11+rhotic=true+nasalized=true→R05→ERHUA-KEY-NASAL-A-RHOTIC-MID(T)；M10+rhotic=true+nasalized=true→R04→ERHUA-KEY-NASAL-A-RHOTIC-HIGH(Y)	guff0sTY	guf0sTY	guf0sTY
ERHUA-1DEFF65C1917D263	胡同儿	psc_erhua	hu2 tong4 er5	ERHUA-YINYUAN-NASAL-BACK-MID	tong4	N06 M04 M14 M33	N06 M04 R08 R09	N06→t；M04→u；M14+rhotic=true+nasalized=true→R08→ERHUA-KEY-NASAL-BACK-MID-RHOTIC-MID(C)；M15+rhotic=true+nasalized=true→R09→ERHUA-KEY-NASAL-BACK-MID-RHOTIC-LOW(X)	hoiutuCX	hoiutuCX	houtuCX
ERHUA-1FFCD3E5FB517F0D	抽空儿	psc_erhua	chou1 kong4 er5	ERHUA-YINYUAN-NASAL-BACK-MID	kong4	N10 M04 M14 M33	N10 M04 R08 R09	N10→q；M04→u；M14+rhotic=true+nasalized=true→R08→ERHUA-KEY-NASAL-BACK-MID-RHOTIC-MID(C)；M15+rhotic=true+nasalized=true→R09→ERHUA-KEY-NASAL-BACK-MID-RHOTIC-LOW(X)	8rruquCX	8ruquCX	8ruquCX
ERHUA-23ED50C4C015869D	主角儿	psc_erhua	zhu3 jue2 er5	ERHUA-YINYUAN-FRONT-MID-CENTRAL	jue2	N20 M09 M17 M16	N20 M09 M23 M22	N20→3；M09→.；M23+rhotic=true+nasalized=false→M23→ERHUA-KEY-MID(I)；M22+rhotic=true+nasalized=false→M22→ERHUA-KEY-HIGH(U)	7ooo3.IU	7o3.IU	7o3.IU
ERHUA-27CE138CBD83589F	小葱儿	psc_erhua	xiao3 cong1 er5	ERHUA-YINYUAN-NASAL-BACK-MID	cong1	N14 M04 M13 M31	N14 M04 R07 R07	N14→5；M04→u；M13+rhotic=true+nasalized=true→R07→ERHUA-KEY-NASAL-BACK-MID-RHOTIC-HIGH(V)；M13+rhotic=true+nasalized=true→R07→ERHUA-KEY-NASAL-BACK-MID-RHOTIC-HIGH(V)	1lso5uVV	1lso5uV	1lso5uV
ERHUA-2A3C2828B88C2753	模特儿	psc_erhua	mo2 te4 er5	ERHUA-YINYUAN-BACK-MID-RHOTIC	te4	N06 M13 M14 M15	N06 M13 R14 R15	N06→t；M13→r；M14+rhotic=true+nasalized=false→R14→ERHUA-KEY-BACK-MID-RHOTIC-MID(E)；M15+rhotic=true+nasalized=false→R15→ERHUA-KEY-BACK-MID-RHOTIC-LOW(W)	-wertrEW	-wertrEW	-wrtrEW
ERHUA-2C221C542820059E	鞋带儿	psc_erhua	xie2 dai4 er5	ERHUA-YINYUAN-A-RHOTIC	dai4	N05 M10 M11 M03	N05 M10 R11 R12	N05→]；M10→f；M11+rhotic=true+nasalized=false→R11→ERHUA-KEY-A-RHOTIC-MID(D)；M12+rhotic=true+nasalized=false→R12→ERHUA-KEY-A-RHOTIC-LOW(S)	1lcv]fDS	1lcv]fDS	1lcv]fDS
ERHUA-2CC8DDF0E7E34EBC	小偷儿	psc_erhua	xiao3 tou1 er5	ERHUA-YINYUAN-IOU	tou1	N06 M13 M13 M04	N06 M13 R13 R16	N06→t；M13→r；M13+rhotic=true+nasalized=false→R13→ERHUA-KEY-BACK-MID-RHOTIC-HIGH(R)；M04+rhotic=true+nasalized=false→R16→ERHUA-KEY-U-RHOTIC-HIGH(P)	1lsotrRP	1lsotrRP	1lsotrRP
ERHUA-2E96BA21F02A2B1A	媳妇儿	psc_erhua	xi2 fu5 er5	ERHUA-YINYUAN-U-RHOTIC	fu5	N03 M05 M05 M05	N03 M05 R17 R17	N03→[；M05→i；M05+rhotic=true+nasalized=false→R17→ERHUA-KEY-U-RHOTIC-MID(A)；M05+rhotic=true+nasalized=false→R17→ERHUA-KEY-U-RHOTIC-MID(A)	1lkj[iAA	1lkj[iA	1lj[iA
ERHUA-324B1B29B13DC098	没词儿	psc_erhua	mei2 ci2 er5	ERHUA-YINYUAN-CENTRAL-ALL	ci2	N14 M21 M20 M19	N14 M24 M23 M22	N14→5；M24+rhotic=true+nasalized=false→M24→ERHUA-KEY-LOW(O)；M23+rhotic=true+nasalized=false→M23→ERHUA-KEY-MID(I)；M22+rhotic=true+nasalized=false→M22→ERHUA-KEY-HIGH(U)	-xcj5OIU	-xcj5OIU	-xcj5OU
ERHUA-35C011F1A2EA5039	牙签儿	psc_erhua	ya2 qian1 er5	ERHUA-YINYUAN-MEDIAL-A-RHOTIC	qian1	N21 M01 M10 M28	N21 M01 R10 R10	N21→2；M01→j；M10+rhotic=true+nasalized=false→R10→ERHUA-KEY-A-RHOTIC-HIGH(F)；M10+rhotic=true+nasalized=false→R10→ERHUA-KEY-A-RHOTIC-HIGH(F)	yldf2jFF	yldf2jF	yldf2jF
ERHUA-36CEB04D327B69B8	纽扣儿	psc_erhua	niu3 kou4 er5	ERHUA-YINYUAN-IOU	kou4	N10 M13 M14 M06	N10 M13 R14 R18	N10→q；M13→r；M14+rhotic=true+nasalized=false→R14→ERHUA-KEY-BACK-MID-RHOTIC-MID(E)；M06+rhotic=true+nasalized=false→R18→ERHUA-KEY-U-RHOTIC-LOW(Z)	nlwoqrEZ	nlwoqrEZ	nlwoqrEZ
ERHUA-387D90E0C6ACA43A	牙刷儿	psc_erhua	ya2 shua1 er5	ERHUA-YINYUAN-U-A-RHOTIC	shua1	N18 M04 M10 M10	N18 M04 R10 R10	N18→9；M04→u；M10+rhotic=true+nasalized=false→R10→ERHUA-KEY-A-RHOTIC-HIGH(F)；M10+rhotic=true+nasalized=false→R10→ERHUA-KEY-A-RHOTIC-HIGH(F)	yldf9uFF	yldf9uF	yldf9uF
ERHUA-3C08CAC5CC485DBB	围嘴儿	psc_erhua	wei2 zui3 er5	ERHUA-YINYUAN-U-CENTRAL	zui3	N13 M06 M18 M03	N13 M06 M24 M24	N13→6；M06→o；M24+rhotic=true+nasalized=false→M24→ERHUA-KEY-LOW(O)；M24+rhotic=true+nasalized=false→M24→ERHUA-KEY-LOW(O)	=ocj6oOO	=ocj6oO	=ocj6oO
ERHUA-3F0BD44B6F63E1F9	叫好儿	psc_erhua	jiao4 hao3 er5	ERHUA-YINYUAN-IAO	hao3	N11 M12 M12 M06	N11 M12 R12 R18	N11→h；M12→s；M12+rhotic=true+nasalized=false→R12→ERHUA-KEY-A-RHOTIC-LOW(S)；M06+rhotic=true+nasalized=false→R18→ERHUA-KEY-U-RHOTIC-LOW(Z)	3jdohsSZ	3jdohsSZ	3jdohsSZ
ERHUA-4A55C607ED28819B	老头儿	psc_erhua	lao3 tou2 er5	ERHUA-YINYUAN-IOU	tou2	N06 M15 M14 M04	N06 M15 R14 R16	N06→t；M15→w；M14+rhotic=true+nasalized=false→R14→ERHUA-KEY-BACK-MID-RHOTIC-MID(E)；M04+rhotic=true+nasalized=false→R16→ERHUA-KEY-U-RHOTIC-HIGH(P)	\ssotwEP	\sotwEP	\sotwEP
ERHUA-4E7365F76211753A	提成儿	psc_erhua	ti2 cheng2 er5	ERHUA-YINYUAN-NASAL-BACK-MID	cheng2	N17 M15 M14 M31	N17 M15 R08 R07	N17→8；M15→w；M14+rhotic=true+nasalized=true→R08→ERHUA-KEY-NASAL-BACK-MID-RHOTIC-MID(C)；M13+rhotic=true+nasalized=true→R07→ERHUA-KEY-NASAL-BACK-MID-RHOTIC-HIGH(V)	tlkj8wCV	tlkj8wCV	tlj8wCV
ERHUA-50284C8D353FBC0B	好玩儿	psc_erhua	hao3 wan2 er5	ERHUA-YINYUAN-U-A-RHOTIC	wan2	N24 M06 M11 M28	N24 M06 R11 R10	N24→=；M06→o；M11+rhotic=true+nasalized=false→R11→ERHUA-KEY-A-RHOTIC-MID(D)；M10+rhotic=true+nasalized=false→R10→ERHUA-KEY-A-RHOTIC-HIGH(F)	hsso=oDF	hso=oDF	hso=oDF
ERHUA-57EA1B8C1C78B137	开春儿	psc_erhua	kai1 chun1 er5	ERHUA-YINYUAN-U-CENTRAL	chun1	N17 M04 M16 M28	N17 M04 M22 M22	N17→8；M04→u；M22+rhotic=true+nasalized=false→M22→ERHUA-KEY-HIGH(U)；M22+rhotic=true+nasalized=false→M22→ERHUA-KEY-HIGH(U)	qffj8uUU	qfj8uU	qfj8uU
ERHUA-5C2BED75CDEA969C	门口儿	psc_erhua	men2 kou3 er5	ERHUA-YINYUAN-IOU	kou3	N10 M15 M15 M06	N10 M15 R15 R18	N10→q；M15→w；M15+rhotic=true+nasalized=false→R15→ERHUA-KEY-BACK-MID-RHOTIC-LOW(W)；M06+rhotic=true+nasalized=false→R18→ERHUA-KEY-U-RHOTIC-LOW(Z)	-xcaqwWZ	-xcaqwWZ	-xcaqwWZ
ERHUA-5C839FC4FA64709C	碎步儿	psc_erhua	sui4 bu4 er5	ERHUA-YINYUAN-U-RHOTIC	bu4	N01 M04 M05 M06	N01 M04 R17 R18	N01→b；M04→u；M05+rhotic=true+nasalized=false→R17→ERHUA-KEY-U-RHOTIC-MID(A)；M06+rhotic=true+nasalized=false→R18→ERHUA-KEY-U-RHOTIC-LOW(Z)	4uclbuAZ	4uclbuAZ	4uclbuAZ
ERHUA-5DD9B38EC10382FB	夹缝儿	psc_erhua	jia1 feng4 er5	ERHUA-YINYUAN-NASAL-BACK-MID	feng4	N03 M13 M14 M33	N03 M13 R08 R09	N03→[；M13→r；M14+rhotic=true+nasalized=true→R08→ERHUA-KEY-NASAL-BACK-MID-RHOTIC-MID(C)；M15+rhotic=true+nasalized=true→R09→ERHUA-KEY-NASAL-BACK-MID-RHOTIC-LOW(X)	3jff[rCX	3jf[rCX	3jf[rCX
ERHUA-5E7593A956584771	烟卷儿	psc_erhua	yan1 juan3 er5	ERHUA-YINYUAN-MEDIAL-A-RHOTIC	juan3	N20 M09 M12 M30	N20 M09 R12 R12	N20→3；M09→.；M12+rhotic=true+nasalized=false→R12→ERHUA-KEY-A-RHOTIC-LOW(S)；M12+rhotic=true+nasalized=false→R12→ERHUA-KEY-A-RHOTIC-LOW(S)	yjfa3.SS	yjfa3.S	yjfa3.S
ERHUA-5E9122D4ED515B7B	冒尖儿	psc_erhua	mao4 jian1 er5	ERHUA-YINYUAN-MEDIAL-A-RHOTIC	jian1	N20 M01 M10 M28	N20 M01 R10 R10	N20→3；M01→j；M10+rhotic=true+nasalized=false→R10→ERHUA-KEY-A-RHOTIC-HIGH(F)；M10+rhotic=true+nasalized=false→R10→ERHUA-KEY-A-RHOTIC-HIGH(F)	-fdo3jFF	-fdo3jF	-fdo3jF
ERHUA-65808A473DEC0EFA	加塞儿	psc_erhua	jia1 sai1 er5	ERHUA-YINYUAN-A-RHOTIC	sai1	N15 M10 M10 M01	N15 M10 R10 R10	N15→4；M10→f；M10+rhotic=true+nasalized=false→R10→ERHUA-KEY-A-RHOTIC-HIGH(F)；M10+rhotic=true+nasalized=false→R10→ERHUA-KEY-A-RHOTIC-HIGH(F)	3jff4fFF	3jf4fF	3jf4fF
ERHUA-66D19D4D6D88E3D3	马褂儿	psc_erhua	ma3 gua4 er5	ERHUA-YINYUAN-U-A-RHOTIC	gua4	N09 M04 M11 M12	N09 M04 R11 R12	N09→g；M04→u；M11+rhotic=true+nasalized=false→R11→ERHUA-KEY-A-RHOTIC-MID(D)；M12+rhotic=true+nasalized=false→R12→ERHUA-KEY-A-RHOTIC-LOW(S)	-sssguDS	-sguDS	-sguDS
ERHUA-67096750412868DD	天窗儿	psc_erhua	tian1 chuang1 er5	ERHUA-YINYUAN-NASAL-A	chuang1	N17 M04 M10 M31	N17 M04 R04 R04	N17→8；M04→u；M10+rhotic=true+nasalized=true→R04→ERHUA-KEY-NASAL-A-RHOTIC-HIGH(Y)；M10+rhotic=true+nasalized=true→R04→ERHUA-KEY-NASAL-A-RHOTIC-HIGH(Y)	tjfa8uYY	tjfa8uY	tjfa8uY
ERHUA-6D119D731CC86A0D	大褂儿	psc_erhua	da4 gua4 er5	ERHUA-YINYUAN-U-A-RHOTIC	gua4	N09 M04 M11 M12	N09 M04 R11 R12	N09→g；M04→u；M11+rhotic=true+nasalized=false→R11→ERHUA-KEY-A-RHOTIC-MID(D)；M12+rhotic=true+nasalized=false→R12→ERHUA-KEY-A-RHOTIC-LOW(S)	]fdsguDS	]fdsguDS	]fsguDS
ERHUA-6D55207DA802330D	压根儿	psc_erhua	ya4 gen1 er5	ERHUA-YINYUAN-CENTRAL-ALL	gen1	N09 M16 M16 M28	N09 M22 M22 M22	N09→g；M22+rhotic=true+nasalized=false→M22→ERHUA-KEY-HIGH(U)；M22+rhotic=true+nasalized=false→M22→ERHUA-KEY-HIGH(U)；M22+rhotic=true+nasalized=false→M22→ERHUA-KEY-HIGH(U)	yjdsgUUU	yjdsgU	yjdsgU
ERHUA-6DA450A4FD744BDC	豆角儿	psc_erhua	dou4 jiao3 er5	ERHUA-YINYUAN-IAO	jiao3	N20 M03 M12 M06	N20 M03 R12 R18	N20→3；M03→l；M12+rhotic=true+nasalized=false→R12→ERHUA-KEY-A-RHOTIC-LOW(S)；M06+rhotic=true+nasalized=false→R18→ERHUA-KEY-U-RHOTIC-LOW(Z)	]reo3lSZ	]reo3lSZ	]reo3lSZ
ERHUA-6E5616ED77817D4C	花盆儿	psc_erhua	hua1 pen2 er5	ERHUA-YINYUAN-CENTRAL-ALL	pen2	N02 M18 M17 M28	N02 M24 M23 M22	N02→p；M24+rhotic=true+nasalized=false→M24→ERHUA-KEY-LOW(O)；M23+rhotic=true+nasalized=false→M23→ERHUA-KEY-MID(I)；M22+rhotic=true+nasalized=false→M22→ERHUA-KEY-HIGH(U)	huffpOIU	hufpOIU	hufpOU
ERHUA-71A4FB1F95679036	半截儿	psc_erhua	ban4 jie2 er5	ERHUA-YINYUAN-FRONT-MID-CENTRAL	jie2	N20 M03 M17 M16	N20 M03 M23 M22	N20→3；M03→l；M23+rhotic=true+nasalized=false→M23→ERHUA-KEY-MID(I)；M22+rhotic=true+nasalized=false→M22→ERHUA-KEY-HIGH(U)	bfdz3lIU	bfdz3lIU	bfdz3lIU
ERHUA-7469E9C837F3DF8E	鼻梁儿	psc_erhua	bi2 liang2 er5	ERHUA-YINYUAN-NASAL-A	liang2	N07 M03 M11 M31	N07 M03 R05 R04	N07→\；M03→l；M11+rhotic=true+nasalized=true→R05→ERHUA-KEY-NASAL-A-RHOTIC-MID(T)；M10+rhotic=true+nasalized=true→R04→ERHUA-KEY-NASAL-A-RHOTIC-HIGH(Y)	blkj\lTY	blkj\lTY	blj\lTY
ERHUA-7493F837BDF1128D	果冻儿	psc_erhua	guo3 dong4 er5	ERHUA-YINYUAN-NASAL-BACK-MID	dong4	N05 M04 M14 M33	N05 M04 R08 R09	N05→]；M04→u；M14+rhotic=true+nasalized=true→R08→ERHUA-KEY-NASAL-BACK-MID-RHOTIC-MID(C)；M15+rhotic=true+nasalized=true→R09→ERHUA-KEY-NASAL-BACK-MID-RHOTIC-LOW(X)	goww]uCX	gow]uCX	gow]uCX
ERHUA-74AB4C9F047C7B54	号码儿	psc_erhua	hao4 ma3 er5	ERHUA-YINYUAN-A-RHOTIC	ma3	N04 M12 M12 M12	N04 M12 R12 R12	N04→-；M12→s；M12+rhotic=true+nasalized=false→R12→ERHUA-KEY-A-RHOTIC-LOW(S)；M12+rhotic=true+nasalized=false→R12→ERHUA-KEY-A-RHOTIC-LOW(S)	hfdo-sSS	hfdo-sS	hfdo-sS
ERHUA-75134624A617EB66	被窝儿	psc_erhua	bei4 wo1 er5	ERHUA-YINYUAN-BACK-MID-RHOTIC	wo1	N24 M04 M13 M13	N24 M04 R13 R13	N24→=；M04→u；M13+rhotic=true+nasalized=false→R13→ERHUA-KEY-BACK-MID-RHOTIC-HIGH(R)；M13+rhotic=true+nasalized=false→R13→ERHUA-KEY-BACK-MID-RHOTIC-HIGH(R)	bvcl=uRR	bvcl=uR	bvcl=uR
ERHUA-76268C1BF2692417	门槛儿	psc_erhua	men2 kan3 er5	ERHUA-YINYUAN-A-RHOTIC	kan3	N10 M12 M12 M30	N10 M12 R12 R12	N10→q；M12→s；M12+rhotic=true+nasalized=false→R12→ERHUA-KEY-A-RHOTIC-LOW(S)；M12+rhotic=true+nasalized=false→R12→ERHUA-KEY-A-RHOTIC-LOW(S)	-xcaqsSS	-xcaqsS	-xcaqsS
ERHUA-7786DE488F280D31	豆芽儿	psc_erhua	dou4 ya2 er5	ERHUA-YINYUAN-I-A-RHOTIC	ya2	N23 M03 M11 M10	N23 M03 R11 R10	N23→y；M03→l；M11+rhotic=true+nasalized=false→R11→ERHUA-KEY-A-RHOTIC-MID(D)；M10+rhotic=true+nasalized=false→R10→ERHUA-KEY-A-RHOTIC-HIGH(F)	]reoylDF	]reoylDF	]reoylDF
ERHUA-78D36B27EEEE859A	线轴儿	psc_erhua	xian4 zhou2 er5	ERHUA-YINYUAN-IOU	zhou2	N16 M15 M14 M04	N16 M15 R14 R16	N16→7；M15→w；M14+rhotic=true+nasalized=false→R14→ERHUA-KEY-BACK-MID-RHOTIC-MID(E)；M04+rhotic=true+nasalized=false→R16→ERHUA-KEY-U-RHOTIC-HIGH(P)	1jdz7wEP	1jdz7wEP	1jdz7wEP
ERHUA-7958C7EBD7CD2AC9	小说儿	psc_erhua	xiao3 shuo1 er5	ERHUA-YINYUAN-BACK-MID-RHOTIC	shuo1	N18 M04 M13 M13	N18 M04 R13 R13	N18→9；M04→u；M13+rhotic=true+nasalized=false→R13→ERHUA-KEY-BACK-MID-RHOTIC-HIGH(R)；M13+rhotic=true+nasalized=false→R13→ERHUA-KEY-BACK-MID-RHOTIC-HIGH(R)	1lso9uRR	1lso9uR	1lso9uR
ERHUA-7A6214B2C4785F40	抓阄儿	psc_erhua	zhua1 jiu1 er5	ERHUA-YINYUAN-IOU	jiu1	N20 M01 M13 M04	N20 M01 R13 R16	N20→3；M01→j；M13+rhotic=true+nasalized=false→R13→ERHUA-KEY-BACK-MID-RHOTIC-HIGH(R)；M04+rhotic=true+nasalized=false→R16→ERHUA-KEY-U-RHOTIC-HIGH(P)	7uff3jRP	7uf3jRP	7uf3jRP
ERHUA-7AD406AA1848A43F	口哨儿	psc_erhua	kou3 shao4 er5	ERHUA-YINYUAN-IAO	shao4	N18 M10 M11 M06	N18 M10 R11 R18	N18→9；M10→f；M11+rhotic=true+nasalized=false→R11→ERHUA-KEY-A-RHOTIC-MID(D)；M06+rhotic=true+nasalized=false→R18→ERHUA-KEY-U-RHOTIC-LOW(Z)	qwwo9fDZ	qwo9fDZ	qwo9fDZ
ERHUA-7B021362CC2D6B3A	没法儿	psc_erhua	mei2 fa3 er5	ERHUA-YINYUAN-A-RHOTIC	fa3	N03 M12 M12 M12	N03 M12 R12 R12	N03→[；M12→s；M12+rhotic=true+nasalized=false→R12→ERHUA-KEY-A-RHOTIC-LOW(S)；M12+rhotic=true+nasalized=false→R12→ERHUA-KEY-A-RHOTIC-LOW(S)	-xcj[sSS	-xcj[sS	-xcj[sS
ERHUA-7E8612F8E827AA87	别针儿	psc_erhua	bie2 zhen1 er5	ERHUA-YINYUAN-CENTRAL-ALL	zhen1	N16 M16 M16 M28	N16 M22 M22 M22	N16→7；M22+rhotic=true+nasalized=false→M22→ERHUA-KEY-HIGH(U)；M22+rhotic=true+nasalized=false→M22→ERHUA-KEY-HIGH(U)；M22+rhotic=true+nasalized=false→M22→ERHUA-KEY-HIGH(U)	blcv7UUU	blcv7U	blcv7U
ERHUA-7FB24F8C67D6449A	火星儿	psc_erhua	huo3 xing1 er5	ERHUA-YINYUAN-NASAL-BACK-MID	xing1	N22 M01 M13 M31	N22 M01 R07 R07	N22→1；M01→j；M13+rhotic=true+nasalized=true→R07→ERHUA-KEY-NASAL-BACK-MID-RHOTIC-HIGH(V)；M13+rhotic=true+nasalized=true→R07→ERHUA-KEY-NASAL-BACK-MID-RHOTIC-HIGH(V)	howw1jVV	how1jV	how1jV
ERHUA-81770E28F6172EBB	跑腿儿	psc_erhua	pao3 tui3 er5	ERHUA-YINYUAN-U-CENTRAL	tui3	N06 M06 M18 M03	N06 M06 M24 M24	N06→t；M06→o；M24+rhotic=true+nasalized=false→M24→ERHUA-KEY-LOW(O)；M24+rhotic=true+nasalized=false→M24→ERHUA-KEY-LOW(O)	pssotoOO	psotoO	psotoO
ERHUA-81A25C8161C2BEB0	眼镜儿	psc_erhua	yan3 jing4 er5	ERHUA-YINYUAN-NASAL-BACK-MID	jing4	N20 M01 M14 M33	N20 M01 R08 R09	N20→3；M01→j；M14+rhotic=true+nasalized=true→R08→ERHUA-KEY-NASAL-BACK-MID-RHOTIC-MID(C)；M15+rhotic=true+nasalized=true→R09→ERHUA-KEY-NASAL-BACK-MID-RHOTIC-LOW(X)	ylsz3jCX	ylsz3jCX	ylsz3jCX
ERHUA-83A6ABD1693C1205	香肠儿	psc_erhua	xiang1 chang2 er5	ERHUA-YINYUAN-NASAL-A	chang2	N17 M12 M11 M31	N17 M12 R05 R04	N17→8；M12→s；M11+rhotic=true+nasalized=true→R05→ERHUA-KEY-NASAL-A-RHOTIC-MID(T)；M10+rhotic=true+nasalized=true→R04→ERHUA-KEY-NASAL-A-RHOTIC-HIGH(Y)	1jf;8sTY	1jf;8sTY	1jf;8sTY
ERHUA-855B796649BBF8B3	小丑儿	psc_erhua	xiao3 chou3 er5	ERHUA-YINYUAN-IOU	chou3	N17 M15 M15 M06	N17 M15 R15 R18	N17→8；M15→w；M15+rhotic=true+nasalized=false→R15→ERHUA-KEY-BACK-MID-RHOTIC-LOW(W)；M06+rhotic=true+nasalized=false→R18→ERHUA-KEY-U-RHOTIC-LOW(Z)	1lso8wWZ	1lso8wWZ	1lso8wWZ
ERHUA-8620E3C0E74270A2	手绢儿	psc_erhua	shou3 juan4 er5	ERHUA-YINYUAN-MEDIAL-A-RHOTIC	juan4	N20 M07 M11 M30	N20 M07 R11 R12	N20→3；M07→m；M11+rhotic=true+nasalized=false→R11→ERHUA-KEY-A-RHOTIC-MID(D)；M12+rhotic=true+nasalized=false→R12→ERHUA-KEY-A-RHOTIC-LOW(S)	9wwo3mDS	9wo3mDS	9wo3mDS
ERHUA-8695240461F7A857	单个儿	psc_erhua	dan1 ge4 er5	ERHUA-YINYUAN-BACK-MID-RHOTIC	ge4	N09 M13 M14 M15	N09 M13 R14 R15	N09→g；M13→r；M14+rhotic=true+nasalized=false→R14→ERHUA-KEY-BACK-MID-RHOTIC-MID(E)；M15+rhotic=true+nasalized=false→R15→ERHUA-KEY-BACK-MID-RHOTIC-LOW(W)	]ffagrEW	]fagrEW	]fagrEW
ERHUA-893D9BFB09F0A465	把门儿	psc_erhua	ba3 men2 er5	ERHUA-YINYUAN-CENTRAL-ALL	men2	N04 M18 M17 M28	N04 M24 M23 M22	N04→-；M24+rhotic=true+nasalized=false→M24→ERHUA-KEY-LOW(O)；M23+rhotic=true+nasalized=false→M23→ERHUA-KEY-MID(I)；M22+rhotic=true+nasalized=false→M22→ERHUA-KEY-HIGH(U)	bsss-OIU	bs-OIU	bs-OU
ERHUA-8C093A504BE4BD88	小鞋儿	psc_erhua	xiao3 xie2 er5	ERHUA-YINYUAN-FRONT-MID-CENTRAL	xie2	N22 M03 M17 M16	N22 M03 M23 M22	N22→1；M03→l；M23+rhotic=true+nasalized=false→M23→ERHUA-KEY-MID(I)；M22+rhotic=true+nasalized=false→M22→ERHUA-KEY-HIGH(U)	1lso1lIU	1lso1lIU	1lso1lIU
ERHUA-8C0B895F50A3AC6B	旦角儿	psc_erhua	dan4 jue2 er5	ERHUA-YINYUAN-FRONT-MID-CENTRAL	jue2	N20 M09 M17 M16	N20 M09 M23 M22	N20→3；M09→.；M23+rhotic=true+nasalized=false→M23→ERHUA-KEY-MID(I)；M22+rhotic=true+nasalized=false→M22→ERHUA-KEY-HIGH(U)	]fdz3.IU	]fdz3.IU	]fdz3.IU
ERHUA-903576531472131B	刀刃儿	psc_erhua	dao1 ren4 er5	ERHUA-YINYUAN-CENTRAL-ALL	ren4	N19 M16 M17 M30	N19 M22 M23 M24	N19→0；M22+rhotic=true+nasalized=false→M22→ERHUA-KEY-HIGH(U)；M23+rhotic=true+nasalized=false→M23→ERHUA-KEY-MID(I)；M24+rhotic=true+nasalized=false→M24→ERHUA-KEY-LOW(O)	]ffu0UIO	]fu0UIO	]fu0UO
ERHUA-9254694249364F26	打鸣儿	psc_erhua	da3 ming2 er5	ERHUA-YINYUAN-NASAL-BACK-MID	ming2	N04 M03 M14 M31	N04 M03 R08 R07	N04→-；M03→l；M14+rhotic=true+nasalized=true→R08→ERHUA-KEY-NASAL-BACK-MID-RHOTIC-MID(C)；M13+rhotic=true+nasalized=true→R07→ERHUA-KEY-NASAL-BACK-MID-RHOTIC-HIGH(V)	]sss-lCV	]s-lCV	]s-lCV
ERHUA-93212E5BD85AE39A	门铃儿	psc_erhua	men2 ling5 er5	ERHUA-YINYUAN-NASAL-BACK-MID	ling5	N07 M02 M14 M32	N07 M02 R08 R08	N07→\；M02→k；M14+rhotic=true+nasalized=true→R08→ERHUA-KEY-NASAL-BACK-MID-RHOTIC-MID(C)；M14+rhotic=true+nasalized=true→R08→ERHUA-KEY-NASAL-BACK-MID-RHOTIC-MID(C)	-xca\kCC	-xca\kC	-xca\kC
ERHUA-9375DF1997272DCC	个头儿	psc_erhua	ge4 tou2 er5	ERHUA-YINYUAN-IOU	tou2	N06 M15 M14 M04	N06 M15 R14 R16	N06→t；M15→w；M14+rhotic=true+nasalized=false→R14→ERHUA-KEY-BACK-MID-RHOTIC-MID(E)；M04+rhotic=true+nasalized=false→R16→ERHUA-KEY-U-RHOTIC-HIGH(P)	grewtwEP	grewtwEP	grwtwEP
ERHUA-97DCCE638FAD19DD	笔杆儿	psc_erhua	bi3 gan3 er5	ERHUA-YINYUAN-A-RHOTIC	gan3	N09 M12 M12 M30	N09 M12 R12 R12	N09→g；M12→s；M12+rhotic=true+nasalized=false→R12→ERHUA-KEY-A-RHOTIC-LOW(S)；M12+rhotic=true+nasalized=false→R12→ERHUA-KEY-A-RHOTIC-LOW(S)	blllgsSS	blgsS	blgsS
ERHUA-9A061CB43EA87C6D	合群儿	psc_erhua	he2 qun2 er5	ERHUA-YINYUAN-UMLAUT-CENTRAL	qun2	N21 M09 M17 M28	N21 M09 M23 M22	N21→2；M09→.；M23+rhotic=true+nasalized=false→M23→ERHUA-KEY-MID(I)；M22+rhotic=true+nasalized=false→M22→ERHUA-KEY-HIGH(U)	hwer2.IU	hwer2.IU	hwr2.IU
ERHUA-9AFDA00F18F9C87A	包干儿	psc_erhua	bao1 gan1 er5	ERHUA-YINYUAN-A-RHOTIC	gan1	N09 M10 M10 M28	N09 M10 R10 R10	N09→g；M10→f；M10+rhotic=true+nasalized=false→R10→ERHUA-KEY-A-RHOTIC-HIGH(F)；M10+rhotic=true+nasalized=false→R10→ERHUA-KEY-A-RHOTIC-HIGH(F)	bffugfFF	bfugfF	bfugfF
ERHUA-9D87CF6CACE661D4	棉球儿	psc_erhua	mian2 qiu2 er5	ERHUA-YINYUAN-IOU	qiu2	N21 M03 M14 M04	N21 M03 R14 R16	N21→2；M03→l；M14+rhotic=true+nasalized=false→R14→ERHUA-KEY-BACK-MID-RHOTIC-MID(E)；M04+rhotic=true+nasalized=false→R16→ERHUA-KEY-U-RHOTIC-HIGH(P)	-lda2lEP	-lda2lEP	-lda2lEP
ERHUA-A18088AA38A6FBE4	送信儿	psc_erhua	song4 xin4 er5	ERHUA-YINYUAN-I-CENTRAL	xin4	N22 M01 M17 M30	N22 M01 M23 M24	N22→1；M01→j；M23+rhotic=true+nasalized=false→M23→ERHUA-KEY-MID(I)；M24+rhotic=true+nasalized=false→M24→ERHUA-KEY-LOW(O)	4ue/1jIO	4ue/1jIO	4ue/1jIO
ERHUA-A348E08A1BDF978D	火锅儿	psc_erhua	huo3 guo1 er5	ERHUA-YINYUAN-BACK-MID-RHOTIC	guo1	N09 M04 M13 M13	N09 M04 R13 R13	N09→g；M04→u；M13+rhotic=true+nasalized=false→R13→ERHUA-KEY-BACK-MID-RHOTIC-HIGH(R)；M13+rhotic=true+nasalized=false→R13→ERHUA-KEY-BACK-MID-RHOTIC-HIGH(R)	howwguRR	howguR	howguR
ERHUA-A43D5C6B101A846F	赶趟儿	psc_erhua	gan3 tang4 er5	ERHUA-YINYUAN-NASAL-A	tang4	N06 M10 M11 M33	N06 M10 R05 R06	N06→t；M10→f；M11+rhotic=true+nasalized=true→R05→ERHUA-KEY-NASAL-A-RHOTIC-MID(T)；M12+rhotic=true+nasalized=true→R06→ERHUA-KEY-NASAL-A-RHOTIC-LOW(Q)	gssztfTQ	gsztfTQ	gsztfTQ
ERHUA-A7D35D53981F446E	壶盖儿	psc_erhua	hu2 gai4 er5	ERHUA-YINYUAN-A-RHOTIC	gai4	N09 M10 M11 M03	N09 M10 R11 R12	N09→g；M10→f；M11+rhotic=true+nasalized=false→R11→ERHUA-KEY-A-RHOTIC-MID(D)；M12+rhotic=true+nasalized=false→R12→ERHUA-KEY-A-RHOTIC-LOW(S)	hoiugfDS	hoiugfDS	hougfDS
ERHUA-A88C2186BEBAC694	落款儿	psc_erhua	luo4 kuan3 er5	ERHUA-YINYUAN-U-A-RHOTIC	kuan3	N10 M06 M12 M30	N10 M06 R12 R12	N10→q；M06→o；M12+rhotic=true+nasalized=false→R12→ERHUA-KEY-A-RHOTIC-LOW(S)；M12+rhotic=true+nasalized=false→R12→ERHUA-KEY-A-RHOTIC-LOW(S)	\uewqoSS	\uewqoS	\uewqoS
ERHUA-A8BBF43AB7557338	打转儿	psc_erhua	da3 zhuan4 er5	ERHUA-YINYUAN-U-A-RHOTIC	zhuan4	N16 M04 M11 M30	N16 M04 R11 R12	N16→7；M04→u；M11+rhotic=true+nasalized=false→R11→ERHUA-KEY-A-RHOTIC-MID(D)；M12+rhotic=true+nasalized=false→R12→ERHUA-KEY-A-RHOTIC-LOW(S)	]sss7uDS	]s7uDS	]s7uDS
ERHUA-A968141A59DD5479	粉末儿	psc_erhua	fen3 mo4 er5	ERHUA-YINYUAN-BACK-MID-RHOTIC	mo4	N04 M13 M14 M15	N04 M13 R14 R15	N04→-；M13→r；M14+rhotic=true+nasalized=false→R14→ERHUA-KEY-BACK-MID-RHOTIC-MID(E)；M15+rhotic=true+nasalized=false→R15→ERHUA-KEY-BACK-MID-RHOTIC-LOW(W)	[xxz-rEW	[xz-rEW	[xz-rEW
ERHUA-AC52913752417D26	大婶儿	psc_erhua	da4 shen3 er5	ERHUA-YINYUAN-CENTRAL-ALL	shen3	N18 M18 M18 M30	N18 M24 M24 M24	N18→9；M24+rhotic=true+nasalized=false→M24→ERHUA-KEY-LOW(O)；M24+rhotic=true+nasalized=false→M24→ERHUA-KEY-LOW(O)；M24+rhotic=true+nasalized=false→M24→ERHUA-KEY-LOW(O)	]fds9OOO	]fds9O	]fs9O
ERHUA-AD0C67652E48655D	蜜枣儿	psc_erhua	mi4 zao3 er5	ERHUA-YINYUAN-IAO	zao3	N13 M12 M12 M06	N13 M12 R12 R18	N13→6；M12→s；M12+rhotic=true+nasalized=false→R12→ERHUA-KEY-A-RHOTIC-LOW(S)；M06+rhotic=true+nasalized=false→R18→ERHUA-KEY-U-RHOTIC-LOW(Z)	-jkl6sSZ	-jkl6sSZ	-jl6sSZ
ERHUA-AD8616E411CC33C2	戏法儿	psc_erhua	xi4 fa3 er5	ERHUA-YINYUAN-A-RHOTIC	fa3	N03 M12 M12 M12	N03 M12 R12 R12	N03→[；M12→s；M12+rhotic=true+nasalized=false→R12→ERHUA-KEY-A-RHOTIC-LOW(S)；M12+rhotic=true+nasalized=false→R12→ERHUA-KEY-A-RHOTIC-LOW(S)	1jkl[sSS	1jkl[sS	1jl[sS
ERHUA-ADE8AC29892F05F7	小褂儿	psc_erhua	xiao3 gua4 er5	ERHUA-YINYUAN-U-A-RHOTIC	gua4	N09 M04 M11 M12	N09 M04 R11 R12	N09→g；M04→u；M11+rhotic=true+nasalized=false→R11→ERHUA-KEY-A-RHOTIC-MID(D)；M12+rhotic=true+nasalized=false→R12→ERHUA-KEY-A-RHOTIC-LOW(S)	1lsoguDS	1lsoguDS	1lsoguDS
ERHUA-B3B93B9D26E76106	砂轮儿	psc_erhua	sha1 lun2 er5	ERHUA-YINYUAN-U-CENTRAL	lun2	N07 M06 M17 M28	N07 M06 M23 M22	N07→\；M06→o；M23+rhotic=true+nasalized=false→M23→ERHUA-KEY-MID(I)；M22+rhotic=true+nasalized=false→M22→ERHUA-KEY-HIGH(U)	9fff\oIU	9f\oIU	9f\oIU
ERHUA-B5B6F46138FA2AE2	蛋清儿	psc_erhua	dan4 qing1 er5	ERHUA-YINYUAN-NASAL-BACK-MID	qing1	N21 M01 M13 M31	N21 M01 R07 R07	N21→2；M01→j；M13+rhotic=true+nasalized=true→R07→ERHUA-KEY-NASAL-BACK-MID-RHOTIC-HIGH(V)；M13+rhotic=true+nasalized=true→R07→ERHUA-KEY-NASAL-BACK-MID-RHOTIC-HIGH(V)	]fdz2jVV	]fdz2jV	]fdz2jV
ERHUA-B7EFB5A5B98F72DC	酒盅儿	psc_erhua	jiu3 zhong1 er5	ERHUA-YINYUAN-NASAL-BACK-MID	zhong1	N16 M04 M13 M31	N16 M04 R07 R07	N16→7；M04→u；M13+rhotic=true+nasalized=true→R07→ERHUA-KEY-NASAL-BACK-MID-RHOTIC-HIGH(V)；M13+rhotic=true+nasalized=true→R07→ERHUA-KEY-NASAL-BACK-MID-RHOTIC-HIGH(V)	3lwo7uVV	3lwo7uV	3lwo7uV
ERHUA-BA244B534089CDDE	名牌儿	psc_erhua	ming2 pai2 er5	ERHUA-YINYUAN-A-RHOTIC	pai2	N02 M12 M11 M01	N02 M12 R11 R10	N02→p；M12→s；M11+rhotic=true+nasalized=false→R11→ERHUA-KEY-A-RHOTIC-MID(D)；M10+rhotic=true+nasalized=false→R10→ERHUA-KEY-A-RHOTIC-HIGH(F)	-le;psDF	-le;psDF	-le;psDF
ERHUA-BB67CF56B1E8501D	邮戳儿	psc_erhua	you2 chuo1 er5	ERHUA-YINYUAN-BACK-MID-RHOTIC	chuo1	N17 M04 M13 M13	N17 M04 R13 R13	N17→8；M04→u；M13+rhotic=true+nasalized=false→R13→ERHUA-KEY-BACK-MID-RHOTIC-HIGH(R)；M13+rhotic=true+nasalized=false→R13→ERHUA-KEY-BACK-MID-RHOTIC-HIGH(R)	yleu8uRR	yleu8uR	yleu8uR
ERHUA-BCF2A1FDBDC0368D	后跟儿	psc_erhua	hou4 gen1 er5	ERHUA-YINYUAN-CENTRAL-ALL	gen1	N09 M16 M16 M28	N09 M22 M22 M22	N09→g；M22+rhotic=true+nasalized=false→M22→ERHUA-KEY-HIGH(U)；M22+rhotic=true+nasalized=false→M22→ERHUA-KEY-HIGH(U)；M22+rhotic=true+nasalized=false→M22→ERHUA-KEY-HIGH(U)	hreogUUU	hreogU	hreogU
ERHUA-BD52BD2205559D6A	口罩儿	psc_erhua	kou3 zhao4 er5	ERHUA-YINYUAN-IAO	zhao4	N16 M10 M11 M06	N16 M10 R11 R18	N16→7；M10→f；M11+rhotic=true+nasalized=false→R11→ERHUA-KEY-A-RHOTIC-MID(D)；M06+rhotic=true+nasalized=false→R18→ERHUA-KEY-U-RHOTIC-LOW(Z)	qwwo7fDZ	qwo7fDZ	qwo7fDZ
ERHUA-BE7AE173C17CA6E5	门洞儿	psc_erhua	men2 dong4 er5	ERHUA-YINYUAN-NASAL-BACK-MID	dong4	N05 M04 M14 M33	N05 M04 R08 R09	N05→]；M04→u；M14+rhotic=true+nasalized=true→R08→ERHUA-KEY-NASAL-BACK-MID-RHOTIC-MID(C)；M15+rhotic=true+nasalized=true→R09→ERHUA-KEY-NASAL-BACK-MID-RHOTIC-LOW(X)	-xca]uCX	-xca]uCX	-xca]uCX
ERHUA-BF72D9D1F9EE70C8	鱼漂儿	psc_erhua	yu2 piao1 er5	ERHUA-YINYUAN-IAO	piao1	N02 M01 M10 M04	N02 M01 R10 R16	N02→p；M01→j；M10+rhotic=true+nasalized=false→R10→ERHUA-KEY-A-RHOTIC-HIGH(F)；M04+rhotic=true+nasalized=false→R16→ERHUA-KEY-U-RHOTIC-HIGH(P)	`.,mpjFP	`.,mpjFP	`.mpjFP
ERHUA-C1D28A3B1C8455B0	加油儿	psc_erhua	jia1 you2 er5	ERHUA-YINYUAN-IOU	you2	N23 M03 M14 M04	N23 M03 R14 R16	N23→y；M03→l；M14+rhotic=true+nasalized=false→R14→ERHUA-KEY-BACK-MID-RHOTIC-MID(E)；M04+rhotic=true+nasalized=false→R16→ERHUA-KEY-U-RHOTIC-HIGH(P)	3jffylEP	3jfylEP	3jfylEP
ERHUA-C38664538E8477D1	饭盒儿	psc_erhua	fan4 he2 er5	ERHUA-YINYUAN-BACK-MID-RHOTIC	he2	N11 M15 M14 M13	N11 M15 R14 R13	N11→h；M15→w；M14+rhotic=true+nasalized=false→R14→ERHUA-KEY-BACK-MID-RHOTIC-MID(E)；M13+rhotic=true+nasalized=false→R13→ERHUA-KEY-BACK-MID-RHOTIC-HIGH(R)	[fdzhwER	[fdzhwER	[fdzhwER
ERHUA-C5CBC6423CEC1FF5	绕远儿	psc_erhua	rao4 yuan3 er5	ERHUA-YINYUAN-MEDIAL-A-RHOTIC	yuan3	N25 M09 M12 M30	N25 M09 R12 R12	N25→`；M09→.；M12+rhotic=true+nasalized=false→R12→ERHUA-KEY-A-RHOTIC-LOW(S)；M12+rhotic=true+nasalized=false→R12→ERHUA-KEY-A-RHOTIC-LOW(S)	0fdo`.SS	0fdo`.S	0fdo`.S
ERHUA-C67B4AABEFEAA9C3	墨汁儿	psc_erhua	mo4 zhi1 er5	ERHUA-YINYUAN-CENTRAL-ALL	zhi1	N16 M19 M19 M19	N16 M22 M22 M22	N16→7；M22+rhotic=true+nasalized=false→M22→ERHUA-KEY-HIGH(U)；M22+rhotic=true+nasalized=false→M22→ERHUA-KEY-HIGH(U)；M22+rhotic=true+nasalized=false→M22→ERHUA-KEY-HIGH(U)	-rew7UUU	-rew7U	-rw7U
ERHUA-C6DC8661FDE20103	小瓮儿	psc_erhua	xiao3 weng4 er5	ERHUA-YINYUAN-NASAL-BACK-MID	weng4	N24 M04 M14 M33	N24 M04 R08 R09	N24→=；M04→u；M14+rhotic=true+nasalized=true→R08→ERHUA-KEY-NASAL-BACK-MID-RHOTIC-MID(C)；M15+rhotic=true+nasalized=true→R09→ERHUA-KEY-NASAL-BACK-MID-RHOTIC-LOW(X)	1lso=uCX	1lso=uCX	1lso=uCX
ERHUA-C7519ABDFC608C0D	耳膜儿	psc_erhua	er3 mo2 er5	ERHUA-YINYUAN-BACK-MID-RHOTIC	mo2	N04 M15 M14 M13	N04 M15 R14 R13	N04→-；M15→w；M14+rhotic=true+nasalized=false→R14→ERHUA-KEY-BACK-MID-RHOTIC-MID(E)；M13+rhotic=true+nasalized=false→R13→ERHUA-KEY-BACK-MID-RHOTIC-HIGH(R)	'OOO-wER	'O-wER	'O-wER
ERHUA-CC60C0A7F37F1B38	针鼻儿	psc_erhua	zhen1 bi2 er5	ERHUA-YINYUAN-I-CENTRAL	bi2	N01 M03 M02 M01	N01 M03 M23 M22	N01→b；M03→l；M23+rhotic=true+nasalized=false→M23→ERHUA-KEY-MID(I)；M22+rhotic=true+nasalized=false→M22→ERHUA-KEY-HIGH(U)	7vvablIU	7vablIU	7vablIU
ERHUA-CC964470933300A6	逗乐儿	psc_erhua	dou4 le4 er5	ERHUA-YINYUAN-BACK-MID-RHOTIC	le4	N07 M13 M14 M15	N07 M13 R14 R15	N07→\；M13→r；M14+rhotic=true+nasalized=false→R14→ERHUA-KEY-BACK-MID-RHOTIC-MID(E)；M15+rhotic=true+nasalized=false→R15→ERHUA-KEY-BACK-MID-RHOTIC-LOW(W)	]reo\rEW	]reo\rEW	]reo\rEW
ERHUA-CCB7ABD14D55C060	拉链儿	psc_erhua	la1 lian4 er5	ERHUA-YINYUAN-MEDIAL-A-RHOTIC	lian4	N07 M01 M11 M30	N07 M01 R11 R12	N07→\；M01→j；M11+rhotic=true+nasalized=false→R11→ERHUA-KEY-A-RHOTIC-MID(D)；M12+rhotic=true+nasalized=false→R12→ERHUA-KEY-A-RHOTIC-LOW(S)	\fff\jDS	\f\jDS	\f\jDS
ERHUA-CDAAB5E595051302	肚脐儿	psc_erhua	du4 qi2 er5	ERHUA-YINYUAN-I-CENTRAL	qi2	N21 M03 M02 M01	N21 M03 M23 M22	N21→2；M03→l；M23+rhotic=true+nasalized=false→M23→ERHUA-KEY-MID(I)；M22+rhotic=true+nasalized=false→M22→ERHUA-KEY-HIGH(U)	]uio2lIU	]uio2lIU	]uo2lIU
ERHUA-D00D3D1BA74F6160	火苗儿	psc_erhua	huo3 miao2 er5	ERHUA-YINYUAN-IAO	miao2	N04 M03 M11 M04	N04 M03 R11 R16	N04→-；M03→l；M11+rhotic=true+nasalized=false→R11→ERHUA-KEY-A-RHOTIC-MID(D)；M04+rhotic=true+nasalized=false→R16→ERHUA-KEY-U-RHOTIC-HIGH(P)	howw-lDP	how-lDP	how-lDP
ERHUA-D598E6E746F90024	跳高儿	psc_erhua	tiao4 gao1 er5	ERHUA-YINYUAN-IAO	gao1	N09 M10 M10 M04	N09 M10 R10 R16	N09→g；M10→f；M10+rhotic=true+nasalized=false→R10→ERHUA-KEY-A-RHOTIC-HIGH(F)；M04+rhotic=true+nasalized=false→R16→ERHUA-KEY-U-RHOTIC-HIGH(P)	tjdogfFP	tjdogfFP	tjdogfFP
ERHUA-D601E93EA5421CB5	笑话儿	psc_erhua	xiao4 hua5 er5	ERHUA-YINYUAN-U-A-RHOTIC	hua5	N11 M05 M11 M11	N11 M05 R11 R11	N11→h；M05→i；M11+rhotic=true+nasalized=false→R11→ERHUA-KEY-A-RHOTIC-MID(D)；M11+rhotic=true+nasalized=false→R11→ERHUA-KEY-A-RHOTIC-MID(D)	1jdohiDD	1jdohiD	1jdohiD
ERHUA-D83D6501A7078117	开窍儿	psc_erhua	kai1 qiao4 er5	ERHUA-YINYUAN-IAO	qiao4	N21 M01 M11 M06	N21 M01 R11 R18	N21→2；M01→j；M11+rhotic=true+nasalized=false→R11→ERHUA-KEY-A-RHOTIC-MID(D)；M06+rhotic=true+nasalized=false→R18→ERHUA-KEY-U-RHOTIC-LOW(Z)	qffj2jDZ	qfj2jDZ	qfj2jDZ
ERHUA-D941E0B73E998D3B	瓜子儿	psc_erhua	gua1 zi3 er5	ERHUA-YINYUAN-CENTRAL-ALL	zi3	N13 M21 M21 M21	N13 M24 M24 M24	N13→6；M24+rhotic=true+nasalized=false→M24→ERHUA-KEY-LOW(O)；M24+rhotic=true+nasalized=false→M24→ERHUA-KEY-LOW(O)；M24+rhotic=true+nasalized=false→M24→ERHUA-KEY-LOW(O)	guff6OOO	guf6O	guf6O
ERHUA-DD34F7DB9614EFF3	锯齿儿	psc_erhua	ju4 chi3 er5	ERHUA-YINYUAN-CENTRAL-ALL	chi3	N17 M21 M21 M21	N17 M24 M24 M24	N17→8；M24+rhotic=true+nasalized=false→M24→ERHUA-KEY-LOW(O)；M24+rhotic=true+nasalized=false→M24→ERHUA-KEY-LOW(O)；M24+rhotic=true+nasalized=false→M24→ERHUA-KEY-LOW(O)	3m,.8OOO	3m,.8O	3m.8O
ERHUA-E300AEA31DEFFDE0	雨点儿	psc_erhua	yu3 dian3 er5	ERHUA-YINYUAN-MEDIAL-A-RHOTIC	dian3	N05 M03 M12 M30	N05 M03 R12 R12	N05→]；M03→l；M12+rhotic=true+nasalized=false→R12→ERHUA-KEY-A-RHOTIC-LOW(S)；M12+rhotic=true+nasalized=false→R12→ERHUA-KEY-A-RHOTIC-LOW(S)	`...]lSS	`.]lS	`.]lS
ERHUA-E4AE14728DE80DDA	打晃儿	psc_erhua	da3 huang4 er5	ERHUA-YINYUAN-NASAL-A	huang4	N11 M04 M11 M33	N11 M04 R05 R06	N11→h；M04→u；M11+rhotic=true+nasalized=true→R05→ERHUA-KEY-NASAL-A-RHOTIC-MID(T)；M12+rhotic=true+nasalized=true→R06→ERHUA-KEY-NASAL-A-RHOTIC-LOW(Q)	]ssshuTQ	]shuTQ	]shuTQ
ERHUA-E550B8D7D32F860D	冰棍儿	psc_erhua	bing1 gun4 er5	ERHUA-YINYUAN-U-CENTRAL	gun4	N09 M04 M17 M30	N09 M04 M23 M24	N09→g；M04→u；M23+rhotic=true+nasalized=false→M23→ERHUA-KEY-MID(I)；M24+rhotic=true+nasalized=false→M24→ERHUA-KEY-LOW(O)	bjr;guIO	bjr;guIO	bjr;guIO
ERHUA-E93BD4F5D1335147	找碴儿	psc_erhua	zhao3 cha2 er5	ERHUA-YINYUAN-A-RHOTIC	cha2	N17 M12 M11 M10	N17 M12 R11 R10	N17→8；M12→s；M11+rhotic=true+nasalized=false→R11→ERHUA-KEY-A-RHOTIC-MID(D)；M10+rhotic=true+nasalized=false→R10→ERHUA-KEY-A-RHOTIC-HIGH(F)	7sso8sDF	7so8sDF	7so8sDF
ERHUA-EABB9AD6EFA045CA	红包儿	psc_erhua	hong2 bao1 er5	ERHUA-YINYUAN-IAO	bao1	N01 M10 M10 M04	N01 M10 R10 R16	N01→b；M10→f；M10+rhotic=true+nasalized=false→R10→ERHUA-KEY-A-RHOTIC-HIGH(F)；M04+rhotic=true+nasalized=false→R16→ERHUA-KEY-U-RHOTIC-HIGH(P)	hoe;bfFP	hoe;bfFP	hoe;bfFP
ERHUA-EB874EF9873D2831	小熊儿	psc_erhua	xiao3 xiong2 er5	ERHUA-YINYUAN-NASAL-BACK-MID	xiong2	N22 M09 M14 M31	N22 M09 R08 R07	N22→1；M09→.；M14+rhotic=true+nasalized=true→R08→ERHUA-KEY-NASAL-BACK-MID-RHOTIC-MID(C)；M13+rhotic=true+nasalized=true→R07→ERHUA-KEY-NASAL-BACK-MID-RHOTIC-HIGH(V)	1lso1.CV	1lso1.CV	1lso1.CV
ERHUA-EBD64026C7B269E0	垫底儿	psc_erhua	dian4 di3 er5	ERHUA-YINYUAN-I-CENTRAL	di3	N05 M03 M03 M03	N05 M03 M24 M24	N05→]；M03→l；M24+rhotic=true+nasalized=false→M24→ERHUA-KEY-LOW(O)；M24+rhotic=true+nasalized=false→M24→ERHUA-KEY-LOW(O)	]jdz]lOO	]jdz]lO	]jdz]lO
ERHUA-ED63E786D42DED09	蛋黄儿	psc_erhua	dan4 huang2 er5	ERHUA-YINYUAN-NASAL-A	huang2	N11 M06 M11 M31	N11 M06 R05 R04	N11→h；M06→o；M11+rhotic=true+nasalized=true→R05→ERHUA-KEY-NASAL-A-RHOTIC-MID(T)；M10+rhotic=true+nasalized=true→R04→ERHUA-KEY-NASAL-A-RHOTIC-HIGH(Y)	]fdzhoTY	]fdzhoTY	]fdzhoTY
ERHUA-EE0FD97E28C14CB0	刀背儿	psc_erhua	dao1 bei4 er5	ERHUA-YINYUAN-CENTRAL-ALL	bei4	N01 M16 M17 M03	N01 M22 M23 M24	N01→b；M22+rhotic=true+nasalized=false→M22→ERHUA-KEY-HIGH(U)；M23+rhotic=true+nasalized=false→M23→ERHUA-KEY-MID(I)；M24+rhotic=true+nasalized=false→M24→ERHUA-KEY-LOW(O)	]ffubUIO	]fubUIO	]fubUO
ERHUA-EFA9E17BBCF332B5	人影儿	psc_erhua	ren2 ying3 er5	ERHUA-YINYUAN-NASAL-BACK-MID	ying3	N23 M03 M15 M33	N23 M03 R09 R09	N23→y；M03→l；M15+rhotic=true+nasalized=true→R09→ERHUA-KEY-NASAL-BACK-MID-RHOTIC-LOW(X)；M15+rhotic=true+nasalized=true→R09→ERHUA-KEY-NASAL-BACK-MID-RHOTIC-LOW(X)	0xcaylXX	0xcaylX	0xcaylX
ERHUA-F124C6433F861D07	露馅儿	psc_erhua	lou4 xian4 er5	ERHUA-YINYUAN-MEDIAL-A-RHOTIC	xian4	N22 M01 M11 M30	N22 M01 R11 R12	N22→1；M01→j；M11+rhotic=true+nasalized=false→R11→ERHUA-KEY-A-RHOTIC-MID(D)；M12+rhotic=true+nasalized=false→R12→ERHUA-KEY-A-RHOTIC-LOW(S)	\reo1jDS	\reo1jDS	\reo1jDS
ERHUA-F1CECB54CE30E93E	绝着儿	psc_erhua	jue2 zhao1 er5	ERHUA-YINYUAN-IAO	zhao1	N16 M10 M10 M04	N16 M10 R10 R16	N16→7；M10→f；M10+rhotic=true+nasalized=false→R10→ERHUA-KEY-A-RHOTIC-HIGH(F)；M04+rhotic=true+nasalized=false→R16→ERHUA-KEY-U-RHOTIC-HIGH(P)	3.cv7fFP	3.cv7fFP	3.cv7fFP
ERHUA-F299ECA05D7D5188	花瓶儿	psc_erhua	hua1 ping2 er5	ERHUA-YINYUAN-NASAL-BACK-MID	ping2	N02 M03 M14 M31	N02 M03 R08 R07	N02→p；M03→l；M14+rhotic=true+nasalized=true→R08→ERHUA-KEY-NASAL-BACK-MID-RHOTIC-MID(C)；M13+rhotic=true+nasalized=true→R07→ERHUA-KEY-NASAL-BACK-MID-RHOTIC-HIGH(V)	huffplCV	hufplCV	hufplCV
ERHUA-F2E7915BBD37AC2A	图钉儿	psc_erhua	tu2 ding1 er5	ERHUA-YINYUAN-NASAL-BACK-MID	ding1	N05 M01 M13 M31	N05 M01 R07 R07	N05→]；M01→j；M13+rhotic=true+nasalized=true→R07→ERHUA-KEY-NASAL-BACK-MID-RHOTIC-HIGH(V)；M13+rhotic=true+nasalized=true→R07→ERHUA-KEY-NASAL-BACK-MID-RHOTIC-HIGH(V)	toiu]jVV	toiu]jV	tou]jV
ERHUA-F49C9E76ADAC9D97	毛驴儿	psc_erhua	mao2 lü2 er5	ERHUA-YINYUAN-UMLAUT-CENTRAL	lü2	N07 M09 M08 M07	N07 M09 M23 M22	N07→\；M09→.；M23+rhotic=true+nasalized=false→M23→ERHUA-KEY-MID(I)；M22+rhotic=true+nasalized=false→M22→ERHUA-KEY-HIGH(U)	-sdu\.IU	-sdu\.IU	-sdu\.IU
ERHUA-F53944A769A4447B	出圈儿	psc_erhua	chu1 quan1 er5	ERHUA-YINYUAN-MEDIAL-A-RHOTIC	quan1	N21 M07 M10 M28	N21 M07 R10 R10	N21→2；M07→m；M10+rhotic=true+nasalized=false→R10→ERHUA-KEY-A-RHOTIC-HIGH(F)；M10+rhotic=true+nasalized=false→R10→ERHUA-KEY-A-RHOTIC-HIGH(F)	8uuu2mFF	8u2mF	8u2mF
ERHUA-F6CD5EB267D60294	跑调儿	psc_erhua	pao3 diao4 er5	ERHUA-YINYUAN-IAO	diao4	N05 M01 M11 M06	N05 M01 R11 R18	N05→]；M01→j；M11+rhotic=true+nasalized=false→R11→ERHUA-KEY-A-RHOTIC-MID(D)；M06+rhotic=true+nasalized=false→R18→ERHUA-KEY-U-RHOTIC-LOW(Z)	psso]jDZ	pso]jDZ	pso]jDZ
ERHUA-F850C555B395A4B1	透亮儿	psc_erhua	tou4 liang4 er5	ERHUA-YINYUAN-NASAL-A	liang4	N07 M01 M11 M33	N07 M01 R05 R06	N07→\；M01→j；M11+rhotic=true+nasalized=true→R05→ERHUA-KEY-NASAL-A-RHOTIC-MID(T)；M12+rhotic=true+nasalized=true→R06→ERHUA-KEY-NASAL-A-RHOTIC-LOW(Q)	treo\jTQ	treo\jTQ	treo\jTQ
ERHUA-F87CE5C62C05A090	有数儿	psc_erhua	you3 shu4 er5	ERHUA-YINYUAN-U-RHOTIC	shu4	N18 M04 M05 M06	N18 M04 R17 R18	N18→9；M04→u；M05+rhotic=true+nasalized=false→R17→ERHUA-KEY-U-RHOTIC-MID(A)；M06+rhotic=true+nasalized=false→R18→ERHUA-KEY-U-RHOTIC-LOW(Z)	ylwo9uAZ	ylwo9uAZ	ylwo9uAZ
ERHUA-FDDF47786B7E0CC6	泪珠儿	psc_erhua	lei4 zhu1 er5	ERHUA-YINYUAN-U-RHOTIC	zhu1	N16 M04 M04 M04	N16 M04 R16 R16	N16→7；M04→u；M04+rhotic=true+nasalized=false→R16→ERHUA-KEY-U-RHOTIC-HIGH(P)；M04+rhotic=true+nasalized=false→R16→ERHUA-KEY-U-RHOTIC-HIGH(P)	\vcl7uPP	\vcl7uP	\vcl7uP
