text	category	source_snapshot	decision	note
会啊我	unverifiable_particle_a_fragment	wanxiang	exclude_runtime_candidate	无可回溯的原始上下文；不据三字截片猜造语境
你啊好	unverifiable_particle_a_fragment	wanxiang	exclude_runtime_candidate	无可回溯的原始上下文；不据三字截片猜造语境
你啊就	unverifiable_particle_a_fragment	wanxiang	exclude_runtime_candidate	无可回溯的原始上下文；不据三字截片猜造语境
你啊我	unverifiable_particle_a_fragment	wanxiang	exclude_runtime_candidate	无可回溯的原始上下文；不据三字截片猜造语境
你啊是	unverifiable_particle_a_fragment	wanxiang	exclude_runtime_candidate	无可回溯的原始上下文；不据三字截片猜造语境
你啊要	unverifiable_particle_a_fragment	wanxiang	exclude_runtime_candidate	无可回溯的原始上下文；不据三字截片猜造语境
你啊这	unverifiable_particle_a_fragment	wanxiang	exclude_runtime_candidate	无可回溯的原始上下文；不据三字截片猜造语境
呀啊啊	unverifiable_particle_a_fragment	wanxiang	exclude_runtime_candidate	无可回溯的原始上下文；不据三字截片猜造语境
哇啊啊	unverifiable_particle_a_fragment	wanxiang	exclude_runtime_candidate	无可回溯的原始上下文；不据三字截片猜造语境
哦啊啊	unverifiable_particle_a_fragment	wanxiang	exclude_runtime_candidate	无可回溯的原始上下文；不据三字截片猜造语境
好啊亲	unverifiable_particle_a_fragment	wanxiang	exclude_runtime_candidate	无可回溯的原始上下文；不据三字截片猜造语境
好啊你	unverifiable_particle_a_fragment	wanxiang	exclude_runtime_candidate	无可回溯的原始上下文；不据三字截片猜造语境
好啊啊	unverifiable_particle_a_fragment	wanxiang	exclude_runtime_candidate	无可回溯的原始上下文；不据三字截片猜造语境
对啊网	unverifiable_particle_a_fragment	wanxiang	exclude_runtime_candidate	无可回溯的原始上下文；不据三字截片猜造语境
快啊我	unverifiable_particle_a_fragment	wanxiang	exclude_runtime_candidate	无可回溯的原始上下文；不据三字截片猜造语境
我啊他	unverifiable_particle_a_fragment	wanxiang	exclude_runtime_candidate	无可回溯的原始上下文；不据三字截片猜造语境
我啊会	unverifiable_particle_a_fragment	wanxiang	exclude_runtime_candidate	无可回溯的原始上下文；不据三字截片猜造语境
我啊对	unverifiable_particle_a_fragment	wanxiang	exclude_runtime_candidate	无可回溯的原始上下文；不据三字截片猜造语境
我啊就	unverifiable_particle_a_fragment	wanxiang	exclude_runtime_candidate	无可回溯的原始上下文；不据三字截片猜造语境
我啊是	unverifiable_particle_a_fragment	wanxiang	exclude_runtime_candidate	无可回溯的原始上下文；不据三字截片猜造语境
我啊有	unverifiable_particle_a_fragment	wanxiang	exclude_runtime_candidate	无可回溯的原始上下文；不据三字截片猜造语境
我啊要	unverifiable_particle_a_fragment	wanxiang	exclude_runtime_candidate	无可回溯的原始上下文；不据三字截片猜造语境
我啊这	unverifiable_particle_a_fragment	wanxiang	exclude_runtime_candidate	无可回溯的原始上下文；不据三字截片猜造语境
是啊啊	unverifiable_particle_a_fragment	wanxiang	exclude_runtime_candidate	无可回溯的原始上下文；不据三字截片猜造语境
是啊那	unverifiable_particle_a_fragment	wanxiang	exclude_runtime_candidate	无可回溯的原始上下文；不据三字截片猜造语境
点啊你	unverifiable_particle_a_fragment	wanxiang	exclude_runtime_candidate	无可回溯的原始上下文；不据三字截片猜造语境
猪啊你	unverifiable_particle_a_fragment	wanxiang	exclude_runtime_candidate	无可回溯的原始上下文；不据三字截片猜造语境
说啊他	unverifiable_particle_a_fragment	wanxiang	exclude_runtime_candidate	无可回溯的原始上下文；不据三字截片猜造语境
说啊你	unverifiable_particle_a_fragment	wanxiang	exclude_runtime_candidate	无可回溯的原始上下文；不据三字截片猜造语境
说啊啊	unverifiable_particle_a_fragment	wanxiang	exclude_runtime_candidate	无可回溯的原始上下文；不据三字截片猜造语境
说啊她	unverifiable_particle_a_fragment	wanxiang	exclude_runtime_candidate	无可回溯的原始上下文；不据三字截片猜造语境
说啊就	unverifiable_particle_a_fragment	wanxiang	exclude_runtime_candidate	无可回溯的原始上下文；不据三字截片猜造语境
说啊我	unverifiable_particle_a_fragment	wanxiang	exclude_runtime_candidate	无可回溯的原始上下文；不据三字截片猜造语境
说啊是	unverifiable_particle_a_fragment	wanxiang	exclude_runtime_candidate	无可回溯的原始上下文；不据三字截片猜造语境
说啊这	unverifiable_particle_a_fragment	wanxiang	exclude_runtime_candidate	无可回溯的原始上下文；不据三字截片猜造语境
谁啊他	unverifiable_particle_a_fragment	wanxiang	exclude_runtime_candidate	无可回溯的原始上下文；不据三字截片猜造语境
谁啊你	unverifiable_particle_a_fragment	wanxiang	exclude_runtime_candidate	无可回溯的原始上下文；不据三字截片猜造语境
谁啊她	unverifiable_particle_a_fragment	wanxiang	exclude_runtime_candidate	无可回溯的原始上下文；不据三字截片猜造语境
谁啊就	unverifiable_particle_a_fragment	wanxiang	exclude_runtime_candidate	无可回溯的原始上下文；不据三字截片猜造语境
谁啊我	unverifiable_particle_a_fragment	wanxiang	exclude_runtime_candidate	无可回溯的原始上下文；不据三字截片猜造语境
谁啊这	unverifiable_particle_a_fragment	wanxiang	exclude_runtime_candidate	无可回溯的原始上下文；不据三字截片猜造语境
饿啊我	unverifiable_particle_a_fragment	wanxiang	exclude_runtime_candidate	无可回溯的原始上下文；不据三字截片猜造语境
